DrugGEN_MOL_ID,DOCKING_SCORE
MOL_02_037538,-10.8
MOL_02_034697,-10.603
MOL_02_015514,-10.55
MOL_02_033292,-10.513
MOL_02_034107,-10.385
MOL_02_009815,-10.278
MOL_02_018026,-10.22
MOL_02_013706,-10.188
MOL_02_009783,-10.174
MOL_01_030091,-10.057
MOL_02_017700,-10.056
MOL_02_009744,-10.029
MOL_02_009326,-10.004
MOL_02_009835,-9.952
MOL_01_031295,-9.941
MOL_02_009945,-9.937
MOL_02_023489,-9.926
MOL_02_009761,-9.921
MOL_02_000496,-9.908
MOL_02_034109,-9.865
MOL_01_026467,-9.847
MOL_02_009702,-9.79
MOL_01_030056,-9.781
MOL_01_027820,-9.687
MOL_01_024595,-9.684
MOL_01_030681,-9.677
MOL_02_015378,-9.676
MOL_02_008350,-9.619
MOL_01_025351,-9.616
MOL_01_027955,-9.613
MOL_01_030524,-9.594
MOL_02_035850,-9.585
MOL_02_024246,-9.577
MOL_02_019447,-9.577
MOL_02_032565,-9.565
MOL_02_009548,-9.564
MOL_02_008766,-9.532
MOL_01_031718,-9.532
MOL_02_009750,-9.513
MOL_02_009587,-9.508
MOL_01_026672,-9.489
MOL_01_028275,-9.468
MOL_02_009355,-9.457
MOL_02_009549,-9.444
MOL_01_016284,-9.438
MOL_02_030820,-9.432
MOL_02_034523,-9.417
MOL_02_009662,-9.416
MOL_01_029206,-9.412
MOL_02_024422,-9.407
MOL_01_026112,-9.404
MOL_01_027205,-9.4
MOL_02_025697,-9.385
MOL_02_036379,-9.382
MOL_01_032736,-9.378
MOL_01_027648,-9.363
MOL_02_007866,-9.338
MOL_02_034492,-9.324
MOL_02_009767,-9.318
MOL_02_022275,-9.315
MOL_02_009775,-9.304
MOL_02_033063,-9.303
MOL_01_031450,-9.297
MOL_02_024085,-9.271
MOL_02_023375,-9.265
MOL_01_029898,-9.246
MOL_02_026593,-9.244
MOL_02_009056,-9.23
MOL_02_009416,-9.228
MOL_02_009184,-9.225
MOL_02_025751,-9.221
MOL_02_008884,-9.208
MOL_02_009173,-9.207
MOL_01_032245,-9.198
MOL_01_028752,-9.197
MOL_02_009560,-9.194
MOL_02_027809,-9.192
MOL_02_009644,-9.192
MOL_02_033147,-9.182
MOL_02_017998,-9.17
MOL_01_029228,-9.158
MOL_01_026927,-9.156
MOL_01_029476,-9.144
MOL_02_002683,-9.138
MOL_02_009330,-9.138
MOL_01_029023,-9.134
MOL_02_009438,-9.133
MOL_02_022598,-9.129
MOL_01_030159,-9.125
MOL_02_033532,-9.116
MOL_02_007893,-9.115
MOL_02_037550,-9.106
MOL_02_036325,-9.105
MOL_02_005832,-9.103
MOL_02_031271,-9.099
MOL_02_002197,-9.085
MOL_02_012734,-9.084
MOL_01_031915,-9.082
MOL_02_023691,-9.08
MOL_02_016364,-9.066
MOL_02_027323,-9.063
MOL_02_010056,-9.063
MOL_02_009557,-9.059
MOL_01_027371,-9.055
MOL_02_033089,-9.052
MOL_01_028998,-9.052
MOL_02_000546,-9.051
MOL_01_029375,-9.051
MOL_02_009074,-9.047
MOL_01_031717,-9.037
MOL_02_010040,-9.035
MOL_02_035909,-9.034
MOL_02_035867,-9.032
MOL_01_024540,-9.029
MOL_01_030587,-9.004
MOL_02_024932,-9.004
MOL_01_029844,-8.998
MOL_02_015940,-8.994
MOL_02_018033,-8.991
MOL_01_030041,-8.991
MOL_02_007991,-8.99
MOL_01_031092,-8.983
MOL_02_030892,-8.979
MOL_02_020509,-8.974
MOL_02_009642,-8.967
MOL_02_021162,-8.963
MOL_02_018366,-8.961
MOL_02_017955,-8.956
MOL_02_019873,-8.955
MOL_01_032339,-8.951
MOL_01_029931,-8.947
MOL_02_022518,-8.946
MOL_01_026950,-8.935
MOL_02_003276,-8.934
MOL_02_032341,-8.933
MOL_01_028777,-8.929
MOL_01_030316,-8.927
MOL_02_024431,-8.924
MOL_01_026852,-8.92
MOL_01_032140,-8.918
MOL_02_015696,-8.918
MOL_02_009063,-8.912
MOL_02_019881,-8.91
MOL_02_009898,-8.909
MOL_01_028287,-8.907
MOL_02_010049,-8.906
MOL_02_007352,-8.905
MOL_02_006136,-8.898
MOL_02_006763,-8.895
MOL_02_009071,-8.884
MOL_01_025423,-8.883
MOL_02_004412,-8.882
MOL_01_026645,-8.876
MOL_02_009625,-8.872
MOL_01_032262,-8.87
MOL_02_006297,-8.866
MOL_02_010046,-8.865
MOL_01_031407,-8.862
MOL_01_024838,-8.858
MOL_02_023800,-8.857
MOL_02_018364,-8.857
MOL_02_026342,-8.857
MOL_01_028081,-8.855
MOL_02_030799,-8.854
MOL_01_025288,-8.852
MOL_02_009025,-8.85
MOL_02_034296,-8.845
MOL_02_002049,-8.839
MOL_02_002560,-8.838
MOL_02_004842,-8.836
MOL_02_000944,-8.834
MOL_02_019613,-8.833
MOL_02_036135,-8.832
MOL_02_027224,-8.825
MOL_01_031176,-8.822
MOL_02_031336,-8.815
MOL_02_009374,-8.814
MOL_02_019648,-8.814
MOL_02_009838,-8.812
MOL_01_029648,-8.811
MOL_02_025971,-8.807
MOL_02_009643,-8.8
MOL_01_029651,-8.799
MOL_01_031123,-8.798
MOL_02_002475,-8.793
MOL_02_002674,-8.793
MOL_01_029696,-8.792
MOL_02_009623,-8.791
MOL_02_033357,-8.785
MOL_02_018700,-8.784
MOL_01_027722,-8.779
MOL_02_005216,-8.777
MOL_02_020454,-8.775
MOL_02_009200,-8.774
MOL_02_009493,-8.773
MOL_01_026941,-8.771
MOL_02_029419,-8.77
MOL_02_030877,-8.769
MOL_02_009369,-8.761
MOL_02_023131,-8.761
MOL_02_016695,-8.761
MOL_01_029323,-8.76
MOL_02_009851,-8.76
MOL_02_002505,-8.758
MOL_02_014703,-8.758
MOL_01_030043,-8.757
MOL_02_011904,-8.757
MOL_02_035901,-8.755
MOL_01_025289,-8.754
MOL_02_032261,-8.753
MOL_02_009002,-8.753
MOL_02_009201,-8.753
MOL_02_009903,-8.748
MOL_02_029980,-8.745
MOL_01_025906,-8.738
MOL_02_009854,-8.737
MOL_02_019339,-8.736
MOL_02_026624,-8.733
MOL_01_032249,-8.732
MOL_02_006671,-8.732
MOL_02_036021,-8.731
MOL_02_027682,-8.729
MOL_02_009532,-8.717
MOL_02_004044,-8.71
MOL_02_021970,-8.71
MOL_01_028034,-8.709
MOL_02_037364,-8.708
MOL_02_012519,-8.706
MOL_01_025977,-8.705
MOL_01_032791,-8.704
MOL_02_009118,-8.704
MOL_01_030503,-8.703
MOL_02_037181,-8.703
MOL_02_006089,-8.701
MOL_01_029870,-8.698
MOL_02_008276,-8.695
MOL_01_024684,-8.695
MOL_01_031846,-8.692
MOL_02_006414,-8.692
MOL_02_002512,-8.689
MOL_02_003840,-8.685
MOL_02_030032,-8.682
MOL_02_024562,-8.681
MOL_02_010044,-8.672
MOL_02_024911,-8.671
MOL_01_030722,-8.671
MOL_02_012478,-8.667
MOL_02_009513,-8.666
MOL_01_028731,-8.663
MOL_02_003729,-8.662
MOL_02_001241,-8.661
MOL_02_024667,-8.661
MOL_01_026671,-8.659
MOL_01_026739,-8.659
MOL_02_003185,-8.657
MOL_02_009376,-8.657
MOL_02_009709,-8.657
MOL_01_028398,-8.657
MOL_02_033019,-8.656
MOL_02_017408,-8.656
MOL_02_009039,-8.655
MOL_02_004488,-8.655
MOL_02_005986,-8.655
MOL_02_032659,-8.649
MOL_01_028122,-8.648
MOL_01_027226,-8.648
MOL_01_030805,-8.646
MOL_01_029349,-8.646
MOL_02_008513,-8.645
MOL_02_026782,-8.645
MOL_02_012769,-8.645
MOL_01_027235,-8.644
MOL_02_009583,-8.64
MOL_01_027891,-8.637
MOL_02_017697,-8.634
MOL_02_017351,-8.634
MOL_02_031343,-8.633
MOL_02_009586,-8.631
MOL_01_027742,-8.628
MOL_02_006423,-8.627
MOL_02_012141,-8.624
MOL_01_026276,-8.621
MOL_01_026502,-8.621
MOL_02_009865,-8.619
MOL_02_022164,-8.614
MOL_01_026837,-8.614
MOL_02_018577,-8.613
MOL_02_005593,-8.612
MOL_02_009860,-8.61
MOL_02_009261,-8.606
MOL_02_009417,-8.605
MOL_01_026769,-8.604
MOL_02_003696,-8.603
MOL_02_022901,-8.599
MOL_01_031259,-8.598
MOL_02_032273,-8.596
MOL_02_031989,-8.596
MOL_02_000367,-8.592
MOL_02_036859,-8.591
MOL_02_017028,-8.591
MOL_02_010057,-8.589
MOL_02_036190,-8.589
MOL_01_027504,-8.589
MOL_01_032820,-8.589
MOL_02_009377,-8.586
MOL_02_014191,-8.586
MOL_02_006805,-8.584
MOL_02_009356,-8.58
MOL_01_029583,-8.579
MOL_02_009468,-8.578
MOL_01_027192,-8.578
MOL_01_031146,-8.578
MOL_02_008292,-8.575
MOL_02_013262,-8.575
MOL_01_025201,-8.575
MOL_02_016956,-8.57
MOL_02_004139,-8.57
MOL_02_002950,-8.569
MOL_01_026980,-8.568
MOL_02_002756,-8.566
MOL_02_036005,-8.565
MOL_02_009605,-8.564
MOL_01_029868,-8.564
MOL_02_015566,-8.564
MOL_01_029054,-8.563
MOL_01_027978,-8.563
MOL_02_024465,-8.562
MOL_02_006930,-8.562
MOL_02_031030,-8.562
MOL_02_016269,-8.561
MOL_01_032199,-8.56
MOL_02_034559,-8.56
MOL_02_032144,-8.558
MOL_02_025252,-8.557
MOL_02_009503,-8.554
MOL_01_030622,-8.554
MOL_02_032925,-8.545
MOL_01_030301,-8.544
MOL_02_031415,-8.541
MOL_02_000412,-8.541
MOL_02_009158,-8.54
MOL_02_003406,-8.539
MOL_02_008648,-8.535
MOL_02_010029,-8.534
MOL_02_009431,-8.534
MOL_02_028077,-8.533
MOL_02_012318,-8.532
MOL_01_030585,-8.531
MOL_02_031950,-8.531
MOL_02_026248,-8.53
MOL_01_028336,-8.529
MOL_01_031345,-8.528
MOL_02_008091,-8.528
MOL_02_012801,-8.526
MOL_02_025965,-8.522
MOL_01_029720,-8.52
MOL_02_036246,-8.519
MOL_02_009714,-8.518
MOL_01_029688,-8.515
MOL_02_009211,-8.515
MOL_02_009138,-8.513
MOL_02_004298,-8.513
MOL_02_026087,-8.511
MOL_02_019558,-8.511
MOL_02_009972,-8.509
MOL_02_009932,-8.508
MOL_02_035404,-8.507
MOL_02_000173,-8.507
MOL_02_031139,-8.506
MOL_01_026903,-8.506
MOL_01_025638,-8.502
MOL_01_027767,-8.5
MOL_02_031871,-8.496
MOL_01_028441,-8.494
MOL_02_009712,-8.494
MOL_02_022534,-8.492
MOL_02_016016,-8.491
MOL_02_012792,-8.49
MOL_02_036865,-8.486
MOL_01_030689,-8.483
MOL_02_031746,-8.482
MOL_02_009090,-8.482
MOL_02_001281,-8.481
MOL_02_029376,-8.48
MOL_02_008417,-8.478
MOL_02_001027,-8.477
MOL_02_024931,-8.473
MOL_02_019088,-8.469
MOL_02_009323,-8.465
MOL_02_037993,-8.463
MOL_01_025668,-8.462
MOL_02_000089,-8.46
MOL_01_032846,-8.457
MOL_01_029048,-8.456
MOL_02_009668,-8.454
MOL_01_031054,-8.454
MOL_02_009716,-8.453
MOL_01_031147,-8.449
MOL_02_009966,-8.448
MOL_02_030865,-8.445
MOL_01_032184,-8.444
MOL_02_012503,-8.444
MOL_02_017716,-8.443
MOL_02_029936,-8.442
MOL_02_008474,-8.442
MOL_02_034627,-8.442
MOL_02_012376,-8.441
MOL_02_015853,-8.441
MOL_02_009034,-8.44
MOL_02_000435,-8.439
MOL_02_026041,-8.438
MOL_01_029560,-8.437
MOL_02_033192,-8.436
MOL_01_030653,-8.435
MOL_02_012739,-8.435
MOL_02_005809,-8.434
MOL_02_030773,-8.433
MOL_02_016394,-8.433
MOL_02_030749,-8.427
MOL_01_027983,-8.423
MOL_02_007294,-8.423
MOL_02_014901,-8.422
MOL_02_020022,-8.418
MOL_02_011584,-8.416
MOL_02_030775,-8.416
MOL_02_019919,-8.416
MOL_02_009274,-8.416
MOL_02_007251,-8.415
MOL_02_034424,-8.411
MOL_02_017849,-8.41
MOL_02_008746,-8.41
MOL_02_001389,-8.409
MOL_01_031137,-8.409
MOL_02_034194,-8.408
MOL_02_000741,-8.407
MOL_01_030537,-8.407
MOL_02_007571,-8.407
MOL_01_032652,-8.405
MOL_02_029762,-8.404
MOL_02_033066,-8.404
MOL_02_004869,-8.403
MOL_02_018957,-8.403
MOL_01_024829,-8.401
MOL_02_008696,-8.401
MOL_01_011591,-8.401
MOL_02_025276,-8.4
MOL_02_024341,-8.399
MOL_02_016953,-8.399
MOL_02_000429,-8.398
MOL_02_009554,-8.397
MOL_02_009506,-8.396
MOL_01_030438,-8.396
MOL_01_029831,-8.395
MOL_02_011260,-8.394
MOL_02_033338,-8.393
MOL_02_035482,-8.393
MOL_02_030846,-8.39
MOL_02_009337,-8.39
MOL_02_035590,-8.389
MOL_01_031302,-8.388
MOL_01_028827,-8.388
MOL_01_027052,-8.388
MOL_02_026757,-8.386
MOL_01_032789,-8.386
MOL_01_026783,-8.386
MOL_02_015657,-8.386
MOL_01_030938,-8.385
MOL_02_032259,-8.385
MOL_02_035410,-8.384
MOL_02_019778,-8.384
MOL_02_019750,-8.384
MOL_02_009102,-8.382
MOL_02_006887,-8.382
MOL_02_031468,-8.379
MOL_02_013816,-8.379
MOL_01_031843,-8.379
MOL_02_009022,-8.379
MOL_01_028689,-8.379
MOL_02_009703,-8.378
MOL_01_026179,-8.378
MOL_02_034402,-8.377
MOL_01_032082,-8.376
MOL_01_030576,-8.375
MOL_01_027354,-8.374
MOL_02_002237,-8.374
MOL_01_031980,-8.373
MOL_02_009963,-8.372
MOL_02_018819,-8.371
MOL_02_002011,-8.371
MOL_02_001255,-8.37
MOL_02_009396,-8.369
MOL_01_027206,-8.369
MOL_01_026723,-8.368
MOL_02_012388,-8.368
MOL_02_019820,-8.367
MOL_02_000730,-8.367
MOL_02_011624,-8.366
MOL_02_004163,-8.365
MOL_02_030515,-8.364
MOL_02_013565,-8.364
MOL_02_036401,-8.362
MOL_02_005074,-8.362
MOL_01_026132,-8.361
MOL_01_031813,-8.361
MOL_02_018392,-8.36
MOL_02_025975,-8.36
MOL_02_018956,-8.36
MOL_02_003456,-8.36
MOL_02_001520,-8.36
MOL_02_033130,-8.359
MOL_02_005624,-8.359
MOL_02_032985,-8.359
MOL_01_031675,-8.357
MOL_01_030060,-8.356
MOL_02_017106,-8.355
MOL_02_011382,-8.354
MOL_02_001365,-8.353
MOL_01_025932,-8.353
MOL_02_026389,-8.352
MOL_01_030951,-8.35
MOL_02_035890,-8.349
MOL_02_023123,-8.347
MOL_01_025261,-8.346
MOL_02_033002,-8.346
MOL_02_029775,-8.346
MOL_02_009801,-8.345
MOL_01_031965,-8.342
MOL_01_032657,-8.342
MOL_02_006326,-8.341
MOL_01_028178,-8.34
MOL_02_007667,-8.339
MOL_01_027147,-8.339
MOL_01_025435,-8.338
MOL_02_009478,-8.337
MOL_02_003237,-8.336
MOL_01_032762,-8.334
MOL_02_000676,-8.332
MOL_02_024378,-8.332
MOL_02_024390,-8.33
MOL_02_009213,-8.33
MOL_02_005605,-8.33
MOL_02_009411,-8.329
MOL_01_029823,-8.328
MOL_02_000212,-8.327
MOL_01_027522,-8.327
MOL_01_031047,-8.323
MOL_02_021151,-8.321
MOL_02_004472,-8.321
MOL_02_009684,-8.321
MOL_02_035885,-8.321
MOL_02_034193,-8.32
MOL_02_005885,-8.319
MOL_01_029815,-8.319
MOL_01_029819,-8.319
MOL_02_009568,-8.318
MOL_02_036918,-8.318
MOL_02_019620,-8.318
MOL_01_026820,-8.317
MOL_01_025029,-8.317
MOL_02_004315,-8.316
MOL_01_027613,-8.315
MOL_02_011633,-8.314
MOL_01_029508,-8.313
MOL_01_027183,-8.309
MOL_01_027520,-8.305
MOL_01_032503,-8.305
MOL_02_023130,-8.303
MOL_01_029471,-8.303
MOL_01_028556,-8.301
MOL_02_016342,-8.301
MOL_02_027821,-8.3
MOL_02_012239,-8.299
MOL_02_033053,-8.296
MOL_01_028012,-8.295
MOL_02_030485,-8.295
MOL_02_009313,-8.295
MOL_01_024897,-8.294
MOL_02_030367,-8.294
MOL_02_004731,-8.294
MOL_02_009049,-8.293
MOL_01_028528,-8.292
MOL_02_026848,-8.291
MOL_02_005749,-8.291
MOL_02_030447,-8.291
MOL_01_031200,-8.29
MOL_02_001880,-8.289
MOL_01_027303,-8.289
MOL_02_029528,-8.286
MOL_01_031975,-8.286
MOL_02_032223,-8.282
MOL_02_009790,-8.282
MOL_02_018317,-8.281
MOL_02_009009,-8.281
MOL_02_031694,-8.281
MOL_02_037411,-8.28
MOL_02_012221,-8.28
MOL_02_014940,-8.279
MOL_02_031128,-8.279
MOL_01_026045,-8.278
MOL_02_017237,-8.277
MOL_02_018299,-8.276
MOL_02_008342,-8.275
MOL_02_006516,-8.275
MOL_01_030434,-8.274
MOL_01_032947,-8.272
MOL_02_017813,-8.272
MOL_01_028550,-8.271
MOL_01_030097,-8.271
MOL_01_027356,-8.27
MOL_02_005121,-8.268
MOL_01_026851,-8.267
MOL_02_035975,-8.267
MOL_02_009338,-8.266
MOL_01_025877,-8.265
MOL_02_004823,-8.263
MOL_02_030703,-8.262
MOL_02_007050,-8.261
MOL_02_033500,-8.261
MOL_02_030752,-8.26
MOL_01_025091,-8.26
MOL_02_009757,-8.259
MOL_02_032947,-8.259
MOL_02_018123,-8.259
MOL_02_014291,-8.256
MOL_02_019403,-8.256
MOL_01_032729,-8.256
MOL_02_007162,-8.254
MOL_02_024512,-8.254
MOL_02_009646,-8.253
MOL_02_032255,-8.253
MOL_02_036092,-8.252
MOL_02_009252,-8.252
MOL_02_038003,-8.25
MOL_01_031322,-8.25
MOL_02_004118,-8.249
MOL_02_001415,-8.249
MOL_02_018228,-8.248
MOL_01_028016,-8.248
MOL_01_033032,-8.247
MOL_02_032113,-8.246
MOL_02_009399,-8.246
MOL_02_017446,-8.245
MOL_01_031591,-8.245
MOL_02_026252,-8.244
MOL_02_019520,-8.244
MOL_01_030155,-8.243
MOL_02_016526,-8.242
MOL_02_006004,-8.242
MOL_02_005056,-8.241
MOL_02_000650,-8.237
MOL_01_025374,-8.236
MOL_02_006487,-8.234
MOL_02_009325,-8.234
MOL_02_023072,-8.233
MOL_02_002219,-8.233
MOL_01_029652,-8.233
MOL_02_026271,-8.231
MOL_01_031851,-8.231
MOL_01_030059,-8.231
MOL_02_013392,-8.23
MOL_01_028463,-8.23
MOL_02_007046,-8.229
MOL_02_009358,-8.229
MOL_02_032286,-8.227
MOL_02_006278,-8.227
MOL_02_031237,-8.226
MOL_01_031958,-8.226
MOL_02_031852,-8.226
MOL_02_009688,-8.225
MOL_02_006523,-8.225
MOL_02_021798,-8.223
MOL_02_009218,-8.222
MOL_02_001276,-8.221
MOL_01_030939,-8.221
MOL_02_029562,-8.22
MOL_02_004354,-8.218
MOL_02_035058,-8.218
MOL_02_009630,-8.218
MOL_01_026680,-8.218
MOL_01_026025,-8.218
MOL_01_029025,-8.216
MOL_02_029864,-8.216
MOL_01_032899,-8.215
MOL_01_031544,-8.215
MOL_01_026990,-8.211
MOL_02_019670,-8.211
MOL_02_012062,-8.211
MOL_02_002930,-8.21
MOL_01_026842,-8.209
MOL_01_030154,-8.208
MOL_02_036127,-8.208
MOL_01_026964,-8.207
MOL_01_031136,-8.207
MOL_02_020165,-8.207
MOL_01_026226,-8.206
MOL_02_011443,-8.203
MOL_01_030015,-8.203
MOL_02_034456,-8.202
MOL_01_022430,-8.202
MOL_02_009351,-8.202
MOL_01_030960,-8.201
MOL_02_027560,-8.2
MOL_02_021869,-8.2
MOL_02_037084,-8.199
MOL_02_019179,-8.199
MOL_02_004129,-8.198
MOL_02_033406,-8.197
MOL_02_001971,-8.196
MOL_01_024575,-8.194
MOL_02_031712,-8.194
MOL_02_022209,-8.194
MOL_02_037484,-8.194
MOL_02_012628,-8.193
MOL_02_009515,-8.193
MOL_01_030618,-8.19
MOL_02_030129,-8.19
MOL_02_002646,-8.188
MOL_02_009407,-8.188
MOL_02_001046,-8.186
MOL_02_023222,-8.185
MOL_02_005604,-8.185
MOL_01_030564,-8.184
MOL_02_012622,-8.184
MOL_01_028516,-8.183
MOL_01_031898,-8.183
MOL_01_031129,-8.181
MOL_02_008846,-8.181
MOL_02_009219,-8.18
MOL_02_037619,-8.179
MOL_02_031117,-8.178
MOL_01_030965,-8.177
MOL_02_008243,-8.175
MOL_02_030880,-8.174
MOL_02_005765,-8.173
MOL_02_031483,-8.17
MOL_02_000580,-8.17
MOL_02_017395,-8.17
MOL_02_006909,-8.169
MOL_02_012862,-8.169
MOL_01_028142,-8.169
MOL_01_032908,-8.168
MOL_02_020010,-8.168
MOL_02_003421,-8.167
MOL_02_002039,-8.166
MOL_02_009907,-8.166
MOL_01_029806,-8.165
MOL_02_016884,-8.165
MOL_02_034328,-8.165
MOL_01_027072,-8.164
MOL_01_031756,-8.163
MOL_02_003225,-8.163
MOL_02_021988,-8.163
MOL_02_009096,-8.161
MOL_02_031367,-8.161
MOL_02_019247,-8.16
MOL_01_028695,-8.16
MOL_02_013546,-8.159
MOL_02_019259,-8.158
MOL_02_017292,-8.158
MOL_02_004713,-8.158
MOL_02_036628,-8.158
MOL_02_009006,-8.157
MOL_02_025161,-8.157
MOL_01_030373,-8.157
MOL_01_031183,-8.156
MOL_02_003852,-8.155
MOL_01_027066,-8.154
MOL_01_029517,-8.151
MOL_02_018011,-8.151
MOL_02_014158,-8.15
MOL_02_012237,-8.15
MOL_01_024871,-8.149
MOL_01_028873,-8.149
MOL_01_026885,-8.149
MOL_02_011477,-8.149
MOL_02_029767,-8.149
MOL_02_030302,-8.148
MOL_01_030829,-8.148
MOL_01_029681,-8.148
MOL_02_002968,-8.146
MOL_01_028913,-8.145
MOL_02_009692,-8.145
MOL_01_030513,-8.144
MOL_02_015152,-8.144
MOL_02_033703,-8.143
MOL_02_031029,-8.141
MOL_02_009694,-8.141
MOL_01_032075,-8.14
MOL_02_012820,-8.14
MOL_02_013108,-8.14
MOL_02_019086,-8.138
MOL_02_006584,-8.138
MOL_02_014159,-8.137
MOL_02_024427,-8.137
MOL_01_027797,-8.137
MOL_02_022137,-8.136
MOL_01_029544,-8.136
MOL_01_029052,-8.135
MOL_01_031198,-8.134
MOL_01_027099,-8.134
MOL_01_026037,-8.133
MOL_02_009663,-8.133
MOL_02_016155,-8.131
MOL_02_012367,-8.129
MOL_02_000395,-8.128
MOL_01_030008,-8.127
MOL_02_024200,-8.126
MOL_02_037086,-8.126
MOL_02_018953,-8.126
MOL_02_008958,-8.125
MOL_02_033621,-8.124
MOL_02_036055,-8.124
MOL_02_009227,-8.124
MOL_02_020595,-8.124
MOL_02_008525,-8.123
MOL_02_020237,-8.123
MOL_02_024263,-8.123
MOL_02_009798,-8.123
MOL_02_014978,-8.121
MOL_02_009112,-8.12
MOL_02_019302,-8.12
MOL_02_006635,-8.119
MOL_02_038238,-8.119
MOL_01_028141,-8.118
MOL_01_031552,-8.118
MOL_02_009700,-8.117
MOL_02_032284,-8.116
MOL_02_009499,-8.116
MOL_01_029665,-8.115
MOL_01_030427,-8.114
MOL_02_024580,-8.114
MOL_01_032570,-8.113
MOL_02_035818,-8.113
MOL_02_009919,-8.113
MOL_02_026737,-8.112
MOL_02_030708,-8.111
MOL_02_036173,-8.111
MOL_02_001359,-8.109
MOL_02_009784,-8.109
MOL_02_005293,-8.108
MOL_01_027950,-8.108
MOL_02_030100,-8.107
MOL_02_004070,-8.107
MOL_02_034200,-8.106
MOL_02_020528,-8.104
MOL_02_026949,-8.103
MOL_02_036203,-8.102
MOL_02_028574,-8.102
MOL_01_032329,-8.102
MOL_02_034052,-8.102
MOL_01_028169,-8.101
MOL_01_029808,-8.101
MOL_01_032251,-8.101
MOL_01_031356,-8.099
MOL_02_017125,-8.098
MOL_02_030815,-8.097
MOL_01_028242,-8.096
MOL_01_027345,-8.096
MOL_02_027477,-8.096
MOL_02_018028,-8.095
MOL_01_019876,-8.094
MOL_02_009809,-8.093
MOL_02_006949,-8.093
MOL_02_032473,-8.093
MOL_02_033030,-8.09
MOL_02_015385,-8.09
MOL_02_023471,-8.09
MOL_02_037572,-8.089
MOL_02_003963,-8.089
MOL_02_035001,-8.086
MOL_02_034864,-8.085
MOL_02_003402,-8.085
MOL_01_032569,-8.084
MOL_02_019125,-8.084
MOL_01_031506,-8.084
MOL_01_030558,-8.083
MOL_02_006349,-8.083
MOL_01_025936,-8.081
MOL_02_010059,-8.08
MOL_02_011312,-8.08
MOL_02_025365,-8.079
MOL_01_026732,-8.079
MOL_02_002386,-8.079
MOL_02_035422,-8.078
MOL_02_019317,-8.078
MOL_02_009952,-8.078
MOL_01_030127,-8.077
MOL_02_015444,-8.076
MOL_02_009937,-8.075
MOL_02_004549,-8.075
MOL_02_024423,-8.074
MOL_02_009748,-8.073
MOL_02_027581,-8.073
MOL_01_031044,-8.072
MOL_02_032775,-8.071
MOL_02_000508,-8.071
MOL_01_033001,-8.071
MOL_02_026558,-8.067
MOL_02_009304,-8.067
MOL_01_027062,-8.067
MOL_02_006578,-8.067
MOL_02_024612,-8.067
MOL_01_028750,-8.066
MOL_02_037558,-8.064
MOL_02_014886,-8.064
MOL_01_029781,-8.063
MOL_01_027523,-8.063
MOL_02_031283,-8.061
MOL_01_026693,-8.061
MOL_02_032075,-8.06
MOL_01_032968,-8.059
MOL_01_029205,-8.059
MOL_01_028294,-8.056
MOL_02_004145,-8.056
MOL_02_002519,-8.055
MOL_02_019446,-8.054
MOL_01_032668,-8.053
MOL_02_012409,-8.052
MOL_01_024970,-8.052
MOL_02_017108,-8.052
MOL_01_032027,-8.051
MOL_02_017126,-8.049
MOL_02_036467,-8.047
MOL_02_027443,-8.047
MOL_02_009803,-8.047
MOL_02_009427,-8.047
MOL_02_000980,-8.047
MOL_02_030290,-8.047
MOL_02_027151,-8.047
MOL_02_031590,-8.046
MOL_02_001925,-8.046
MOL_02_009086,-8.046
MOL_02_009738,-8.045
MOL_02_017407,-8.044
MOL_01_029245,-8.044
MOL_02_008288,-8.044
MOL_02_033266,-8.043
MOL_02_004547,-8.042
MOL_01_030005,-8.042
MOL_02_009312,-8.04
MOL_02_019697,-8.039
MOL_02_001795,-8.039
MOL_01_022006,-8.039
MOL_01_027394,-8.038
MOL_01_026558,-8.038
MOL_02_020036,-8.037
MOL_02_015195,-8.037
MOL_02_029643,-8.037
MOL_01_028324,-8.035
MOL_01_026274,-8.034
MOL_02_000588,-8.033
MOL_01_029990,-8.032
MOL_02_033546,-8.032
MOL_02_017689,-8.031
MOL_02_001780,-8.031
MOL_02_032404,-8.031
MOL_02_009690,-8.031
MOL_01_031060,-8.03
MOL_02_001294,-8.03
MOL_02_023323,-8.029
MOL_02_019766,-8.028
MOL_02_001035,-8.028
MOL_02_011484,-8.028
MOL_01_032810,-8.027
MOL_02_033794,-8.026
MOL_02_023789,-8.026
MOL_02_020713,-8.026
MOL_01_032323,-8.025
MOL_02_030295,-8.025
MOL_01_027124,-8.025
MOL_02_030782,-8.024
MOL_02_033681,-8.023
MOL_02_034771,-8.023
MOL_01_029284,-8.023
MOL_02_009607,-8.023
MOL_02_012240,-8.023
MOL_02_010043,-8.023
MOL_01_024923,-8.022
MOL_02_004065,-8.022
MOL_01_027667,-8.02
MOL_01_027971,-8.02
MOL_01_031114,-8.02
MOL_02_029573,-8.019
MOL_02_007560,-8.019
MOL_02_002319,-8.018
MOL_02_012665,-8.018
MOL_02_015366,-8.017
MOL_02_005263,-8.017
MOL_02_009746,-8.015
MOL_02_029608,-8.015
MOL_02_038140,-8.015
MOL_02_011374,-8.014
MOL_02_036110,-8.013
MOL_02_030096,-8.013
MOL_01_030117,-8.012
MOL_02_006534,-8.012
MOL_02_030151,-8.011
MOL_01_029455,-8.011
MOL_02_035254,-8.01
MOL_02_003885,-8.01
